primary_cell_index,mutation_rate,area_reference,interaction_feedback,patch_count,patch_area,theoretical_k_fragment,theoretical_k_above_four,attempted_sources,source_prepared,projection_supported,potential_high_trait_viable_probability,realised_high_trait_persists_probability,all_three_below_one_patch_probability,final_interaction_mean_median,final_interaction_mean_q1,final_interaction_mean_q3,final_interaction_mean_ratio_to_n1_median,final_interaction_mean_ratio_to_n1_q1,final_interaction_mean_ratio_to_n1_q3,final_interaction_mean_reduction_from_n1_median,final_interaction_mean_reduction_from_n1_q1,final_interaction_mean_reduction_from_n1_q3,final_interaction_mean_paired_n,final_effective_size_mean_median,final_effective_size_mean_q1,final_effective_size_mean_q3,final_effective_size_mean_ratio_to_n1_median,final_effective_size_mean_ratio_to_n1_q1,final_effective_size_mean_ratio_to_n1_q3,final_effective_size_mean_reduction_from_n1_median,final_effective_size_mean_reduction_from_n1_q1,final_effective_size_mean_reduction_from_n1_q3,final_effective_size_mean_paired_n,realised_high_trait_mass_mean_median,realised_high_trait_mass_mean_q1,realised_high_trait_mass_mean_q3,realised_high_trait_mass_mean_ratio_to_n1_median,realised_high_trait_mass_mean_ratio_to_n1_q1,realised_high_trait_mass_mean_ratio_to_n1_q3,realised_high_trait_mass_mean_reduction_from_n1_median,realised_high_trait_mass_mean_reduction_from_n1_q1,realised_high_trait_mass_mean_reduction_from_n1_q3,realised_high_trait_mass_mean_paired_n
0,0.1,0.8,6.0,1,4.0,30.0,True,100,80,80,1.0,1.0,0.0,0.999971301191424,0.9999593540180541,0.9999820146674696,1.0,1.0,1.0,0.0,0.0,0.0,80,73.8,73.2,73.8,1.0,1.0,1.0,0.0,0.0,0.0,80,0.6378539493293591,0.5971444755431161,0.6916797797010228,1.0,1.0,1.0,0.0,0.0,0.0,80
0,0.1,0.8,6.0,2,2.0,15.0,True,100,80,80,0.0,1.0,1.0,0.00013787025667103906,0.00012498548804908664,0.00016209408836664885,0.00013787609383572705,0.00012498950601506616,0.0001620965869126519,0.9998621239061642,0.9998379034130873,0.999875010493985,80,15.6,15.6,15.899999999999999,0.21311475409836064,0.21138211382113822,0.2154471544715447,0.7868852459016393,0.7845528455284553,0.7886178861788617,80,0.1153846153846154,0.07692307692307694,0.15740740740740744,0.1805871905871906,0.12420855400307457,0.254235347985348,0.8194128094128094,0.745764652014652,0.8757914459969255,80
0,0.1,0.8,6.0,3,1.3333333333333333,10.0,True,100,80,80,0.0,1.0,1.0,0.00012296439176835288,0.0001165929177070289,0.0001337865555240883,0.00012296865061043667,0.00011659652735457688,0.00013379465003575766,0.9998770313493897,0.9998662053499642,0.9998834034726454,80,10.4,10.399999999999999,10.6,0.14227481050590518,0.14092140921409213,0.1448087431693989,0.8577251894940949,0.855191256830601,0.8590785907859079,80,0.11328976034858385,0.07516339869281045,0.14950980392156862,0.1710953127189797,0.12269606993135383,0.2201541827254784,0.8289046872810203,0.7798458172745215,0.8773039300686463,80
0,0.1,0.8,6.0,4,1.0,7.5,True,100,80,80,0.0,1.0,1.0,0.00011578747907111297,0.00011116151464531133,0.0001252102797845168,0.00011579035872076243,0.00011116492004736672,0.0001252159438722645,0.9998842096412792,0.9998747840561277,0.9998888350799526,80,7.949999999999999,7.8,7.95,0.10743801652892562,0.10569105691056911,0.10860655737704918,0.8925619834710744,0.8913934426229508,0.8943089430894309,80,0.11538461538461539,0.09306318681318683,0.15384615384615385,0.18164527779912398,0.1402815167875409,0.25142911010558067,0.818354722200876,0.7485708898944193,0.8597184832124591,80
0,0.1,0.8,6.0,6,0.6666666666666666,5.0,True,100,80,80,0.0,1.0,1.0,0.00011155450892795651,0.00010793916596410751,0.00011623229333560135,0.00011155596600601285,0.00010794166610322904,0.00011623781825643875,0.9998884440339939,0.9998837621817436,0.9998920583338968,80,5.3999999999999995,5.3999999999999995,5.3999999999999995,0.07377049180327867,0.07317073170731707,0.07377049180327867,0.9262295081967213,0.9262295081967213,0.926829268292683,80,0.12962962962962962,0.11111111111111109,0.16666666666666666,0.21030225627926769,0.1531419059508947,0.2739949697781023,0.7896977437207323,0.7260050302218979,0.8468580940491053,80
0,0.1,0.8,6.0,8,0.5,3.75,False,100,80,80,0.0,1.0,1.0,0.00010865530678414606,0.00010558387619885527,0.00011389616194404874,0.00010865860503130203,0.00010558674265532754,0.00011390190686994603,0.9998913413949686,0.99988609809313,0.9998944132573446,80,4.2,4.2,4.2,0.05691056910569106,0.05691056910569106,0.05737704918032787,0.943089430894309,0.9426229508196722,0.943089430894309,80,0.14285714285714288,0.10714285714285716,0.19642857142857145,0.22853777637759196,0.1694109461966605,0.32916128941757383,0.771462223622408,0.6708387105824261,0.8305890538033396,80
0,0.1,0.8,6.0,12,0.3333333333333333,2.5,False,100,80,80,0.0,1.0,1.0,0.00010542747423265291,0.00010387604533162029,0.00010782015602293073,0.00010543101842996694,0.00010387836909960256,0.00010782419601925972,0.99989456898157,0.9998921758039807,0.9998961216309004,80,3.0,3.0,3.0,0.04065040650406504,0.04065040650406504,0.040983606557377046,0.959349593495935,0.9590163934426229,0.959349593495935,80,0.16666666666666666,0.11666666666666667,0.20000000000000004,0.2515432098765432,0.18598484848484848,0.32343287995269077,0.7484567901234568,0.6765671200473092,0.8140151515151515,80
0,0.1,0.8,6.0,16,0.25,1.875,False,100,80,80,0.0,1.0,1.0,0.0001049053213792029,0.00010339555373742453,0.00010701979462999245,0.00010490944418118089,0.0001033980186128833,0.00010702321900460565,0.9998950905558188,0.9998929767809954,0.9998966019813871,80,2.3999999999999995,2.3999999999999995,2.3999999999999995,0.03252032520325203,0.03252032520325203,0.032786885245901634,0.967479674796748,0.9672131147540983,0.967479674796748,80,0.203125,0.15625,0.25,0.3177083333333333,0.24533599624060148,0.3819443128411158,0.6822916666666667,0.6180556871588843,0.7546640037593986,80
1,0.15,0.8,4.5,1,4.0,22.5,True,100,86,86,1.0,1.0,0.0,0.9995390846422034,0.999318617251805,0.9996597012336002,1.0,1.0,1.0,0.0,0.0,0.0,86,73.2,72.6,73.2,1.0,1.0,1.0,0.0,0.0,0.0,86,0.600833220430836,0.5449002217294899,0.639344262295082,1.0,1.0,1.0,0.0,0.0,0.0,86
1,0.15,0.8,4.5,2,2.0,11.25,True,100,86,86,0.0,0.9883720930232558,1.0,0.0016779709341297852,0.001525760144915121,0.0019668242978722983,0.0016800940836860202,0.0015262554731305417,0.001968105907618395,0.9983199059163139,0.9980318940923816,0.9984737445268694,86,15.899999999999999,15.6,16.2,0.21721311475409832,0.21487603305785125,0.22131147540983603,0.7827868852459017,0.778688524590164,0.7851239669421488,86,0.13176638176638178,0.09989316239316241,0.1871438746438747,0.22928820151042373,0.1710210299995748,0.343876050010216,0.7707117984895762,0.656123949989784,0.8289789700004252,86
1,0.15,0.8,4.5,3,1.3333333333333333,7.5,True,100,86,86,0.0,1.0,1.0,0.0014772816170387283,0.001398576751901582,0.0018587233130075327,0.0014778148886500759,0.0013993316402238615,0.0018596268081890574,0.9985221851113499,0.9981403731918109,0.9986006683597761,86,10.799999999999999,10.6,10.799999999999999,0.14722222222222223,0.1448087431693989,0.14845549383552364,0.8527777777777777,0.8515445061644764,0.855191256830601,86,0.14923747276688454,0.1122004357298475,0.18845315904139434,0.2558685446009389,0.1887330549503752,0.34041243999360343,0.744131455399061,0.6595875600063965,0.8112669450496248,86
1,0.15,0.8,4.5,4,1.0,5.625,True,100,86,86,0.0,1.0,1.0,0.0014240836867830983,0.0013625564936212897,0.0017860794600874064,0.0014261600628922638,0.0013632333184517903,0.0017871476255570686,0.9985738399371078,0.9982128523744429,0.9986367666815482,86,8.1,7.95,8.1,0.11065573770491802,0.10950413223140497,0.1115702479338843,0.889344262295082,0.8884297520661157,0.890495867768595,86,0.16895604395604397,0.1304945054945055,0.20467032967032972,0.2887162316849817,0.2054217507747555,0.34389308608058616,0.7112837683150184,0.6561069139194138,0.7945782492252444,86
1,0.15,0.8,4.5,6,0.6666666666666666,3.75,False,100,86,86,0.0,1.0,1.0,0.0013329707468139197,0.001280000797372411,0.0017095779179063175,0.001333770950396737,0.0012810225509506167,0.0017100433140789873,0.9986662290496033,0.998289956685921,0.9987189774490492,86,5.3999999999999995,5.3999999999999995,5.3999999999999995,0.07377049180327867,0.07377049180327867,0.0743801652892562,0.9262295081967213,0.9256198347107438,0.9262295081967213,86,0.16666666666666663,0.1296296296296296,0.22222222222222218,0.28781540384915916,0.20192799707602338,0.35963866749159906,0.7121845961508408,0.640361332508401,0.7980720029239767,86
1,0.15,0.8,4.5,8,0.5,2.8125,False,100,86,86,0.0,0.9883720930232558,1.0,0.001296004116419329,0.0012626248459559504,0.001689835802561989,0.0012964302606152897,0.0012633544236972942,0.0016904587639010496,0.9987035697393847,0.9983095412360989,0.9987366455763027,86,4.2,4.2,4.2,0.05737704918032787,0.05737704918032787,0.057851239669421496,0.9426229508196722,0.9421487603305785,0.9426229508196722,86,0.1875,0.125,0.2321428571428572,0.3109287193138126,0.20784942266380235,0.411231992797119,0.6890712806861874,0.5887680072028811,0.7921505773361976,86
1,0.15,0.8,4.5,12,0.3333333333333333,1.875,False,100,86,86,0.0,1.0,1.0,0.0012534691344407082,0.0012347722226957107,0.0016544144600881608,0.00125411257512838,0.001235303454238344,0.0016550311864758152,0.9987458874248716,0.9983449688135242,0.9987646965457617,86,3.0,3.0,3.0,0.040983606557377046,0.040983606557377046,0.04132231404958678,0.9590163934426229,0.9586776859504132,0.9590163934426229,86,0.19166666666666665,0.15,0.23333333333333336,0.31635338345864666,0.26076863354037266,0.39497709146444937,0.6836466165413534,0.6050229085355506,0.7392313664596273,86
1,0.15,0.8,4.5,16,0.25,1.40625,False,100,86,86,0.0,1.0,1.0,0.0012408169637827913,0.0012220756639090933,0.0016474319247535036,0.0012413162455938956,0.0012230108054122149,0.0016485914270862958,0.998758683754406,0.9983514085729137,0.9987769891945878,86,2.3999999999999995,2.3999999999999995,2.3999999999999995,0.032786885245901634,0.032786885245901634,0.033057851239669415,0.9672131147540983,0.9669421487603306,0.9672131147540983,86,0.234375,0.1875,0.265625,0.37523674242424254,0.318359375,0.469429347826087,0.6247632575757576,0.5305706521739131,0.681640625,86
2,0.15,0.8,6.0,1,4.0,30.0,True,100,83,83,1.0,1.0,0.0,0.9999585719173864,0.9999321147487137,0.9999754402530645,1.0,1.0,1.0,0.0,0.0,0.0,83,73.2,72.6,73.2,1.0,1.0,1.0,0.0,0.0,0.0,83,0.5950413223140496,0.540983606557377,0.639344262295082,1.0,1.0,1.0,0.0,0.0,0.0,83
2,0.15,0.8,6.0,2,2.0,15.0,True,100,83,83,0.0,1.0,1.0,0.00017411422833069483,0.0001434503873467132,0.00022122685563252434,0.0001741180360687248,0.00014345808582804254,0.00022123366550143634,0.9998258819639313,0.9997787663344986,0.999856541914172,83,15.899999999999999,15.6,15.899999999999999,0.21721311475409832,0.21516159376469796,0.2190082644628099,0.7827868852459017,0.78099173553719,0.784838406235302,83,0.13461538461538464,0.11182336182336183,0.1705840455840456,0.2437562437562438,0.18281022727101154,0.2974999554200325,0.7562437562437562,0.7025000445799675,0.8171897727289885,83
2,0.15,0.8,6.0,3,1.3333333333333333,10.0,True,100,83,83,0.0,1.0,1.0,0.00014547283909012527,0.0001301959291596191,0.000201211347462931,0.00014547455006967488,0.00013020748017883508,0.00020121545020170936,0.9998545254499304,0.9997987845497983,0.9998697925198212,83,10.6,10.6,10.799999999999999,0.14634146341463414,0.1448087431693989,0.1481506570925349,0.8536585365853658,0.8518493429074652,0.855191256830601,83,0.13398692810457516,0.1111111111111111,0.19226579520697168,0.23809523809523805,0.19073162760588516,0.32613301730948785,0.761904761904762,0.6738669826905122,0.8092683723941149,83
2,0.15,0.8,6.0,4,1.0,7.5,True,100,83,83,0.0,1.0,1.0,0.00013803497791421883,0.00011974679936956281,0.00018509599397827675,0.00013804429165498392,0.00011975400239751181,0.00018510499884058602,0.999861955708345,0.9998148950011594,0.9998802459976025,83,8.1,7.949999999999999,8.1,0.11041666666666666,0.10860655737704918,0.1115702479338843,0.8895833333333334,0.8884297520661157,0.8913934426229508,83,0.15109890109890112,0.12706043956043955,0.20054945054945061,0.2615744910826879,0.20086710164835167,0.3430089255982114,0.7384255089173122,0.6569910744017886,0.7991328983516484,83
2,0.15,0.8,6.0,6,0.6666666666666666,5.0,True,100,83,83,0.0,1.0,1.0,0.0001221263695018183,0.00011129686273960682,0.00017493336485863538,0.00012212820687415205,0.0001113090210228786,0.00017493890171965543,0.9998778717931258,0.9998250610982804,0.9998886909789771,83,5.3999999999999995,5.3999999999999995,5.3999999999999995,0.07377049180327867,0.07377049180327867,0.0743801652892562,0.9262295081967213,0.9256198347107438,0.9262295081967213,83,0.14814814814814814,0.11111111111111109,0.20555555555555555,0.2510288065843621,0.1849989357173265,0.3616503827771433,0.7489711934156379,0.6383496172228567,0.8150010642826735,83
2,0.15,0.8,6.0,8,0.5,3.75,False,100,83,83,0.0,0.9879518072289156,0.9879518072289156,0.00011841167025545724,0.00011001503510417947,0.00017060417204129935,0.00011843497688303961,0.0001100184039873262,0.00017060705057142614,0.999881565023117,0.9998293929494286,0.9998899815960127,83,4.2,4.2,4.2,0.05737704918032787,0.05737704918032787,0.057851239669421496,0.9426229508196722,0.9421487603305785,0.9426229508196722,83,0.1964285714285714,0.125,0.23214285714285718,0.3063616071428571,0.2098139930522509,0.42532911077993046,0.6936383928571429,0.5746708892200696,0.7901860069477491,83
2,0.15,0.8,6.0,12,0.3333333333333333,2.5,False,100,83,83,0.0,1.0,1.0,0.0001104670687726076,0.00010664299525957194,0.00016437789370788434,0.00011047363216444294,0.00010664809526177241,0.00016438349426662333,0.9998895263678356,0.9998356165057334,0.9998933519047382,83,3.0,3.0,3.0,0.040983606557377046,0.040983606557377046,0.04132231404958678,0.9590163934426229,0.9586776859504132,0.9590163934426229,83,0.18333333333333335,0.15,0.23333333333333336,0.3080808080808081,0.24994276556776557,0.39361167002012076,0.6919191919191918,0.6063883299798792,0.7500572344322345,83
2,0.15,0.8,6.0,16,0.25,1.875,False,100,83,83,0.0,1.0,1.0,0.00010812926579329694,0.00010520480096438553,0.0001636927395629271,0.00010813053755621601,0.00010520773091724585,0.00016369783149935106,0.9998918694624438,0.9998363021685006,0.9998947922690827,83,2.3999999999999995,2.3999999999999995,2.3999999999999995,0.032786885245901634,0.032786885245901634,0.033057851239669415,0.9672131147540983,0.9669421487603306,0.9672131147540983,83,0.21875,0.1796875,0.265625,0.3704819277108434,0.31770833333333337,0.4478605028609155,0.6295180722891567,0.5521394971390845,0.6822916666666666,83
3,0.15,1.0,6.0,1,4.0,24.0,True,100,80,80,1.0,1.0,0.0,0.9996495227092286,0.999554598929346,0.9997464794687472,1.0,1.0,1.0,0.0,0.0,0.0,80,73.2,72.6,73.2,1.0,1.0,1.0,0.0,0.0,0.0,80,0.5967009890258772,0.5525843381655602,0.6363636363636362,1.0,1.0,1.0,0.0,0.0,0.0,80
3,0.15,1.0,6.0,2,2.0,12.0,True,100,80,80,0.0,0.9875,1.0,0.0008796131967099836,0.0007947383002354115,0.0010885476604863664,0.0008798754591615742,0.0007953439498418784,0.0010891059423685941,0.9991201245408384,0.9989108940576314,0.9992046560501582,80,15.899999999999999,15.6,16.2,0.21721311475409832,0.2154471544715447,0.21951219512195122,0.7827868852459017,0.7804878048780488,0.7845528455284553,80,0.13461538461538464,0.11182336182336185,0.2061965811965812,0.23944030066930158,0.1884910131399839,0.35767151528021107,0.7605596993306984,0.642328484719789,0.811508986860016,80
3,0.15,1.0,6.0,3,1.3333333333333333,8.0,True,100,80,80,0.0,1.0,1.0,0.000775601611149069,0.0007367961705118253,0.0010074230764685738,0.0007759034477050647,0.0007370951047591436,0.0010076217363655803,0.9992240965522949,0.9989923782636344,0.9992629048952409,80,10.799999999999999,10.6,10.799999999999999,0.1473816029143898,0.1448087431693989,0.14784582034954613,0.8526183970856103,0.8521541796504539,0.855191256830601,80,0.14814814814814814,0.1111111111111111,0.18518518518518515,0.24439304341265125,0.18876180101670292,0.30233816419673737,0.7556069565873488,0.6976618358032627,0.8112381989832971,80
3,0.15,1.0,6.0,4,1.0,6.0,True,100,80,80,0.0,1.0,1.0,0.0007375654163058554,0.0007128896009502212,0.000983040505339654,0.0007377097019205086,0.0007132825133292142,0.000983235610169799,0.9992622902980794,0.9990167643898302,0.9992867174866708,80,8.1,7.95,8.1,0.11065573770491802,0.10860655737704918,0.1115702479338843,0.889344262295082,0.8884297520661157,0.8913934426229508,80,0.15247252747252749,0.1150412087912088,0.20364010989010992,0.265076324051888,0.2071830413176567,0.34609080022541566,0.7349236759481119,0.6539091997745843,0.7928169586823433,80
3,0.15,1.0,6.0,6,0.6666666666666666,4.0,False,100,80,80,0.0,1.0,1.0,0.0006913399467907038,0.000670736892689354,0.0009221534792867816,0.0006917160019797996,0.000671002130022414,0.0009224797443274778,0.9993082839980202,0.9990775202556725,0.9993289978699776,80,5.3999999999999995,5.3999999999999995,5.3999999999999995,0.07377049180327867,0.07377049180327867,0.0743801652892562,0.9262295081967213,0.9256198347107438,0.9262295081967213,80,0.14814814814814814,0.11111111111111112,0.21527777777777776,0.27678062678062676,0.19615415200493033,0.3607938924840333,0.7232193732193732,0.6392061075159667,0.8038458479950696,80
3,0.15,1.0,6.0,8,0.5,3.0,False,100,80,80,0.0,1.0,1.0,0.0006744821608177973,0.0006591691402793232,0.0009137468976136115,0.0006747011179639676,0.0006593389394942727,0.0009140664357512175,0.999325298882036,0.9990859335642488,0.9993406610605058,80,4.2,4.2,4.2,0.05737704918032787,0.05737704918032787,0.057851239669421496,0.9426229508196722,0.9421487603305785,0.9426229508196722,80,0.1785714285714286,0.125,0.23214285714285715,0.3038194444444445,0.2010989010989011,0.39655546917870865,0.6961805555555556,0.6034445308212913,0.798901098901099,80
3,0.15,1.0,6.0,12,0.3333333333333333,2.0,False,100,80,80,0.0,1.0,1.0,0.0006547964988718382,0.0006463191529873395,0.0008847470300369704,0.0006551357500326636,0.0006464850986585763,0.0008849764860925902,0.9993448642499674,0.9991150235139074,0.9993535149013415,80,3.0,3.0,3.0,0.040983606557377046,0.040983606557377046,0.04132231404958678,0.9590163934426229,0.9586776859504132,0.9590163934426229,80,0.18333333333333335,0.15,0.23333333333333336,0.31355311355311355,0.26648817135549874,0.4020123648869963,0.6864468864468865,0.5979876351130037,0.7335118286445013,80
3,0.15,1.0,6.0,16,0.25,1.5,False,100,80,80,0.0,1.0,1.0,0.0006489014840641011,0.000640532511863598,0.0008856501268477646,0.0006491639125252001,0.0006408372747352233,0.0008858697239588268,0.9993508360874748,0.9991141302760411,0.9993591627252648,80,2.3999999999999995,2.3999999999999995,2.3999999999999995,0.032786885245901634,0.032786885245901634,0.033057851239669415,0.9672131147540983,0.9669421487603306,0.9672131147540983,80,0.21875,0.18359375,0.265625,0.374092386071887,0.313203125,0.4524833488885118,0.625907613928113,0.5475166511114882,0.686796875,80
4,0.15,1.2,4.5,1,4.0,15.0,True,100,80,80,1.0,1.0,0.0,0.9941722911216794,0.9931733321135603,0.9953355531395015,1.0,1.0,1.0,0.0,0.0,0.0,80,72.6,72.6,73.2,1.0,1.0,1.0,0.0,0.0,0.0,80,0.5991803278688526,0.5454545454545454,0.6311475409836065,1.0,1.0,1.0,0.0,0.0,0.0,80
4,0.15,1.2,4.5,2,2.0,7.5,True,100,80,80,0.0,1.0,1.0,0.01747824694210348,0.016204513021677087,0.01840549333727228,0.017578261375328877,0.016289849321336057,0.018506562432277572,0.9824217386246712,0.9814934375677224,0.9837101506786639,80,16.2,16.2,16.5,0.2231404958677686,0.22131147540983603,0.22540983606557377,0.7768595041322314,0.7745901639344263,0.778688524590164,80,0.16712454212454214,0.11111111111111112,0.2047720797720798,0.2846102150537634,0.1969756441223833,0.37007592275449425,0.7153897849462366,0.6299240772455057,0.8030243558776167,80
4,0.15,1.2,4.5,3,1.3333333333333333,5.0,True,100,80,80,0.0,1.0,1.0,0.01585407167254487,0.01519759089287965,0.016458941639484533,0.015955008891719746,0.015254660760285626,0.016566928325342928,0.9840449911082803,0.9834330716746571,0.9847453392397144,80,10.799999999999999,10.799999999999999,11.0,0.1487603305785124,0.14754098360655735,0.15151515151515152,0.8512396694214877,0.8484848484848485,0.8524590163934427,80,0.16666666666666663,0.12962962962962962,0.2207602339181286,0.2796316716224261,0.2141396533519821,0.3738504216085988,0.7203683283775739,0.6261495783914011,0.7858603466480178,80
4,0.15,1.2,4.5,4,1.0,3.75,False,100,80,80,0.0,1.0,1.0,0.015218027049597013,0.014701983541866748,0.015608599382202739,0.015308562975125698,0.014772447580286934,0.015726113145970895,0.9846914370248743,0.9842738868540291,0.985227552419713,80,8.25,8.25,8.4,0.11363636363636365,0.11265368852459016,0.11475409836065574,0.8863636363636364,0.8852459016393442,0.8873463114754099,80,0.16071428571428573,0.12156593406593408,0.2142857142857143,0.2664483160910889,0.20246051922491162,0.3793892567030681,0.7335516839089111,0.6206107432969319,0.7975394807750884,80
4,0.15,1.2,4.5,6,0.6666666666666666,2.5,False,100,80,80,0.0,1.0,1.0,0.014778594887881684,0.014316705511953702,0.014946489744128358,0.014862079201378286,0.014404665856944918,0.015042666204565984,0.9851379207986217,0.984957333795434,0.9855953341430551,80,5.3999999999999995,5.3999999999999995,5.499999999999999,0.0743801652892562,0.0743801652892562,0.07575757575757576,0.9256198347107438,0.9242424242424242,0.9256198347107438,80,0.17129629629629628,0.1444444444444444,0.2037037037037037,0.28664042148970753,0.23392422027290452,0.3477282950967162,0.7133595785102925,0.6522717049032839,0.7660757797270955,80
4,0.15,1.2,4.5,8,0.5,1.875,False,100,80,80,0.0,0.9875,1.0,0.014507922180986605,0.014147750282564778,0.0147045212033967,0.01459122774715627,0.014235745698141428,0.014789986733010511,0.9854087722528437,0.9852100132669894,0.9857642543018585,80,4.2,4.2,4.2,0.057851239669421496,0.05737704918032787,0.057851239669421496,0.9421487603305785,0.9421487603305785,0.9426229508196722,80,0.17857142857142855,0.125,0.21428571428571427,0.2986026904130352,0.20100328947368423,0.37577639751552794,0.7013973095869648,0.6242236024844721,0.7989967105263158,80
4,0.15,1.2,4.5,12,0.3333333333333333,1.25,False,100,80,80,0.0,1.0,1.0,0.014288183883615515,0.014061397177911562,0.014447858792350606,0.014369877424248051,0.014167290283036512,0.014528953222099432,0.985630122575752,0.9854710467779006,0.9858327097169635,80,3.0,3.0,3.0,0.04132231404958678,0.040983606557377046,0.04132231404958678,0.9586776859504132,0.9586776859504132,0.9590163934426229,80,0.19999999999999998,0.15,0.23333333333333336,0.31490707568293774,0.26361083165660637,0.382736009344802,0.6850929243170623,0.6172639906551981,0.7363891683433936,80
4,0.15,1.2,4.5,16,0.25,0.9375,False,100,80,80,0.0,1.0,1.0,0.014235612173706634,0.01404015182858451,0.014309947845728921,0.014314214690670003,0.014138866976515091,0.014400506624487542,0.9856857853093299,0.9855994933755126,0.9858611330234849,80,2.3999999999999995,2.3999999999999995,2.3999999999999995,0.033057851239669415,0.032786885245901634,0.033057851239669415,0.9669421487603306,0.9669421487603306,0.9672131147540983,80,0.234375,0.1875,0.265625,0.381969363190407,0.3188244047619047,0.46009615384615377,0.6180306368095931,0.5399038461538462,0.6811755952380953,80
5,0.2,0.8,3.0,1,4.0,15.0,True,100,85,85,1.0,1.0,0.0,0.9929424716428996,0.9912439766467875,0.9939587533288706,1.0,1.0,1.0,0.0,0.0,0.0,85,72.6,72.0,72.6,1.0,1.0,1.0,0.0,0.0,0.0,85,0.5702479338842975,0.5206611570247932,0.6083333333333332,1.0,1.0,1.0,0.0,0.0,0.0,85
5,0.2,0.8,3.0,2,2.0,7.5,True,100,85,85,0.0,1.0,1.0,0.01620700533510984,0.015062455775510976,0.017944295791366548,0.016298951807642154,0.015212196113596295,0.018031886984739603,0.9837010481923578,0.9819681130152604,0.9847878038864037,85,16.5,16.2,16.5,0.2272727272727273,0.22499999999999998,0.22916666666666666,0.7727272727272727,0.7708333333333334,0.775,85,0.18386243386243392,0.12962962962962965,0.2222222222222222,0.3283160007297939,0.23911149825783978,0.40072859744990896,0.6716839992702062,0.599271402550091,0.7608885017421603,85
5,0.2,0.8,3.0,3,1.3333333333333333,5.0,True,100,85,85,0.0,1.0,1.0,0.014477172949371127,0.013708331758112985,0.016322588951848436,0.014570036216849897,0.01381119660528371,0.016426033175508285,0.9854299637831501,0.9835739668244917,0.9861888033947163,85,10.799999999999999,10.799999999999999,11.0,0.15,0.1487603305785124,0.15151515151515152,0.85,0.8484848484848485,0.8512396694214877,85,0.19785575048732942,0.1666666666666666,0.2348927875243665,0.3278688524590163,0.28403755868544595,0.40363232023721257,0.6721311475409837,0.5963676797627875,0.715962441314554,85
5,0.2,0.8,3.0,4,1.0,3.75,False,100,85,85,0.0,1.0,1.0,0.01395032346527966,0.013367997195760683,0.015518123894665368,0.01403208034100245,0.013449550603401363,0.015627497545338345,0.9859679196589975,0.9843725024546617,0.9865504493965986,85,8.4,8.25,8.4,0.11570247933884299,0.11363636363636365,0.11666666666666667,0.884297520661157,0.8833333333333333,0.8863636363636364,85,0.19642857142857145,0.14285714285714285,0.23214285714285715,0.32786391690501276,0.25274725274725285,0.4081632653061225,0.6721360830949872,0.5918367346938775,0.7472527472527472,85
5,0.2,0.8,3.0,6,0.6666666666666666,2.5,False,100,85,85,0.0,1.0,1.0,0.013230035385965956,0.012742395550172073,0.014933239656181927,0.013324070390579472,0.012828700003234023,0.015048601855910724,0.9866759296094205,0.9849513981440893,0.987171299996766,85,5.5,5.3999999999999995,5.599999999999999,0.07575757575757576,0.075,0.0771349862258953,0.9242424242424242,0.9228650137741047,0.925,85,0.19814814814814818,0.15555555555555556,0.2518518518518518,0.362850729517396,0.26190476190476186,0.4450786402841197,0.6371492704826041,0.5549213597158803,0.7380952380952381,85
5,0.2,0.8,3.0,8,0.5,1.875,False,100,85,85,0.0,1.0,1.0,0.012707201963595597,0.012473561874370986,0.01459269754533189,0.012789376740163899,0.01260209012015168,0.0146936206899,0.9872106232598361,0.9853063793101,0.9873979098798483,85,4.2,4.2,4.2,0.057851239669421496,0.057851239669421496,0.058333333333333334,0.9421487603305785,0.9416666666666667,0.9421487603305785,85,0.1785714285714286,0.14285714285714288,0.23214285714285712,0.32345013477088946,0.2597402597402598,0.3764478764478766,0.6765498652291105,0.6235521235521234,0.7402597402597402,85
5,0.2,0.8,3.0,12,0.3333333333333333,1.25,False,100,85,85,0.0,1.0,1.0,0.012424346005041047,0.012246170648747322,0.014363021766917795,0.01251087003314882,0.012344102939381301,0.014474381232634653,0.9874891299668512,0.9855256187673653,0.9876558970606187,85,3.0,3.0,3.0,0.04132231404958678,0.04132231404958678,0.041666666666666664,0.9586776859504132,0.9583333333333334,0.9586776859504132,85,0.20000000000000004,0.16666666666666666,0.25,0.360655737704918,0.2781609195402298,0.42154471544715455,0.639344262295082,0.5784552845528455,0.7218390804597702,85
5,0.2,0.8,3.0,16,0.25,0.9375,False,100,85,85,0.0,1.0,1.0,0.012293743376192962,0.01217435531105986,0.014272843872293857,0.012414811485878882,0.012265061721485568,0.01436702238815518,0.9875851885141211,0.9856329776118449,0.9877349382785144,85,2.3999999999999995,2.3999999999999995,2.3999999999999995,0.033057851239669415,0.033057851239669415,0.033333333333333326,0.9669421487603306,0.9666666666666667,0.9669421487603306,85,0.25,0.1875,0.28125,0.4431152343749999,0.3277083333333333,0.5268954918032785,0.5568847656250001,0.47310450819672145,0.6722916666666667,85
6,0.2,0.8,4.5,1,4.0,22.5,True,100,93,93,1.0,1.0,0.0,0.9994153109180117,0.9991797228074826,0.9995497313216491,1.0,1.0,1.0,0.0,0.0,0.0,93,72.6,72.6,73.2,1.0,1.0,1.0,0.0,0.0,0.0,93,0.5702479338842975,0.5166666666666666,0.6065573770491803,1.0,1.0,1.0,0.0,0.0,0.0,93
6,0.2,0.8,4.5,2,2.0,11.25,True,100,93,93,0.0,0.989247311827957,1.0,0.0017712269712323405,0.0016229207257416308,0.0021141224724574668,0.0017722180574068075,0.0016236375038220913,0.0021147905751982537,0.9982277819425932,0.9978852094248017,0.9983763624961779,93,16.2,15.899999999999999,16.2,0.22131147540983603,0.2190082644628099,0.2231404958677686,0.778688524590164,0.7768595041322314,0.78099173553719,93,0.16666666666666669,0.12962962962962965,0.23743386243386247,0.3034600534600535,0.21902197244662996,0.42496807151979554,0.6965399465399464,0.5750319284802045,0.78097802755337,93
6,0.2,0.8,4.5,3,1.3333333333333333,7.5,True,100,93,93,0.0,1.0,1.0,0.0015561100323012716,0.0014492902363843197,0.0019106917950714862,0.0015576668613648478,0.0014504754122103,0.0019124708697835359,0.9984423331386352,0.9980875291302165,0.9985495245877897,93,10.799999999999999,10.799999999999999,10.799999999999999,0.1487603305785124,0.14754098360655735,0.1487603305785124,0.8512396694214877,0.8512396694214877,0.8524590163934427,93,0.18518518518518515,0.12962962962962962,0.2222222222222222,0.30530530530530525,0.24224224224224217,0.41077441077441074,0.6946946946946948,0.5892255892255893,0.7577577577577579,93
6,0.2,0.8,4.5,4,1.0,5.625,True,100,93,93,0.0,1.0,1.0,0.0014467362960433137,0.0013818728289510854,0.0017940426102097061,0.0014480285987432868,0.0013834869804814252,0.0017954210275978515,0.9985519714012567,0.9982045789724021,0.9986165130195186,93,8.25,8.1,8.25,0.11249999999999999,0.11065573770491802,0.11458333333333333,0.8875,0.8854166666666666,0.889344262295082,93,0.1826923076923077,0.14285714285714285,0.2362637362637363,0.3233516483516483,0.24931318681318684,0.42801455301455316,0.6766483516483517,0.5719854469854468,0.7506868131868132,93
6,0.2,0.8,4.5,6,0.6666666666666666,3.75,False,100,93,93,0.0,1.0,1.0,0.0013433133962232312,0.0013067245409173498,0.0017387214804663626,0.0013441702198778909,0.0013078304883186666,0.0017392681072985622,0.9986558297801221,0.9982607318927015,0.9986921695116814,93,5.3999999999999995,5.3999999999999995,5.3999999999999995,0.0743801652892562,0.07377049180327867,0.0743801652892562,0.9256198347107438,0.9256198347107438,0.9262295081967213,93,0.20370370370370364,0.14814814814814814,0.2407407407407407,0.342335390946502,0.27252252252252246,0.43456790123456784,0.657664609053498,0.5654320987654322,0.7274774774774775,93
6,0.2,0.8,4.5,8,0.5,2.8125,False,100,93,93,0.0,1.0,1.0,0.0013024598301592122,0.001273454836686576,0.0016899320993544423,0.0013031683499388884,0.0012744814027004301,0.0016909836595360645,0.9986968316500611,0.998309016340464,0.9987255185972995,93,4.2,4.2,4.2,0.057851239669421496,0.05737704918032787,0.057851239669421496,0.9421487603305785,0.9421487603305785,0.9426229508196722,93,0.21428571428571427,0.12500000000000003,0.25000000000000006,0.3532818532818533,0.23679060665362034,0.4837420042643924,0.6467181467181466,0.5162579957356076,0.7632093933463797,93
6,0.2,0.8,4.5,12,0.3333333333333333,1.875,False,100,93,93,0.0,1.0,1.0,0.001260324730872064,0.0012424778789896348,0.0016589674532349761,0.0012612862717237977,0.001243669640992161,0.0016599997456667817,0.9987387137282762,0.9983400002543332,0.9987563303590078,93,3.0,3.0,3.0,0.04132231404958678,0.040983606557377046,0.04132231404958678,0.9586776859504132,0.9586776859504132,0.9590163934426229,93,0.20000000000000004,0.15000000000000002,0.25000000000000006,0.36412037037037037,0.26947791164658635,0.4420091324200913,0.6358796296296296,0.5579908675799087,0.7305220883534136,93
6,0.2,0.8,4.5,16,0.25,1.40625,False,100,93,93,0.0,1.0,1.0,0.0012423320380782557,0.0012281391016538798,0.0016532581346829348,0.0012431883695811859,0.0012290164975402454,0.0016545283830856042,0.9987568116304189,0.9983454716169144,0.9987709835024597,93,2.3999999999999995,2.3999999999999995,2.3999999999999995,0.033057851239669415,0.032786885245901634,0.033057851239669415,0.9669421487603306,0.9669421487603306,0.9672131147540983,93,0.234375,0.1875,0.28125,0.41216216216216206,0.3529166666666667,0.4951298701298702,0.5878378378378379,0.5048701298701298,0.6470833333333332,93
7,0.2,0.8,6.0,1,4.0,30.0,True,100,94,94,1.0,1.0,0.0,0.9999452258958416,0.9999063812883577,0.99996332806922,1.0,1.0,1.0,0.0,0.0,0.0,94,72.6,72.6,73.2,1.0,1.0,1.0,0.0,0.0,0.0,94,0.5702479338842975,0.5176652892561984,0.6065573770491803,1.0,1.0,1.0,0.0,0.0,0.0,94
7,0.2,0.8,6.0,2,2.0,15.0,True,100,94,94,0.0,1.0,1.0,0.000181877553763025,0.00015089760404104184,0.00023647676102414543,0.00018188590994088838,0.00015092314225537948,0.00023648470031292443,0.999818114090059,0.9997635152996871,0.9998490768577446,94,16.2,15.899999999999999,16.2,0.22131147540983603,0.2190082644628099,0.2231404958677686,0.778688524590164,0.7768595041322314,0.78099173553719,94,0.16809116809116809,0.14666005291005293,0.21359890109890114,0.30047633956873976,0.23760006354943064,0.38281798068102096,0.6995236604312602,0.6171820193189791,0.7623999364505694,94
7,0.2,0.8,6.0,3,1.3333333333333333,10.0,True,100,94,94,0.0,1.0,1.0,0.00014738613107255326,0.00013059145415658698,0.0002092682829615136,0.00014739365531818253,0.000130597618765684,0.00020927603534684578,0.9998526063446818,0.9997907239646532,0.9998694023812343,94,10.799999999999999,10.799999999999999,10.799999999999999,0.1487603305785124,0.14754098360655735,0.1487603305785124,0.8512396694214877,0.8512396694214877,0.8524590163934427,94,0.16721132897603483,0.12962962962962962,0.22100389863547754,0.3128519601472817,0.21515668894701154,0.3733573637158029,0.6871480398527183,0.626642636284197,0.7848433110529884,94
7,0.2,0.8,6.0,4,1.0,7.5,True,100,94,94,0.0,1.0,1.0,0.00013365515248334094,0.0001233565925746187,0.00019454814604341573,0.000133662134785027,0.00012337043926607271,0.00019455191656643386,0.999866337865215,0.9998054480834336,0.9998766295607339,94,8.25,8.1,8.25,0.11270491803278689,0.11065573770491802,0.11363636363636365,0.8872950819672131,0.8863636363636364,0.889344262295082,94,0.16895604395604397,0.13255494505494508,0.22355769230769232,0.3046164271956526,0.24486934196755628,0.3981605894105895,0.6953835728043474,0.6018394105894105,0.7551306580324437,94
7,0.2,0.8,6.0,6,0.6666666666666666,5.0,True,100,94,94,0.0,1.0,1.0,0.00011998549902232243,0.0001132854551385889,0.00017899066695847602,0.00011999422624668028,0.00011329407374605827,0.00017899585459589716,0.9998800057737534,0.9998210041454041,0.999886705926254,94,5.3999999999999995,5.3999999999999995,5.3999999999999995,0.0743801652892562,0.07377049180327867,0.0743801652892562,0.9256198347107438,0.9256198347107438,0.9262295081967213,94,0.20370370370370366,0.1481481481481481,0.2407407407407407,0.35798319327731104,0.2469276734877952,0.4295849601835308,0.642016806722689,0.5704150398164692,0.7530723265122047,94
7,0.2,0.8,6.0,8,0.5,3.75,False,100,94,94,0.0,1.0,1.0,0.00011664647601042127,0.0001103472548937025,0.00017061373458225132,0.00011665475367861813,0.00011036398226382503,0.0001706215107163749,0.9998833452463214,0.9998293784892835,0.9998896360177362,94,4.2,4.2,4.2,0.057851239669421496,0.05737704918032787,0.057851239669421496,0.9421487603305785,0.9421487603305785,0.9426229508196722,94,0.20535714285714285,0.12500000000000003,0.25000000000000006,0.34887177550221027,0.24801103518809475,0.4707119775054557,0.6511282244977896,0.5292880224945442,0.7519889648119052,94
7,0.2,0.8,6.0,12,0.3333333333333333,2.5,False,100,94,94,0.0,1.0,1.0,0.00010972786080237011,0.00010656647026625444,0.00016612407006583632,0.00010973589200330254,0.00010657404101980463,0.00016613716029863684,0.9998902641079968,0.9998338628397014,0.9998934259589802,94,3.0,3.0,3.0,0.04132231404958678,0.040983606557377046,0.04132231404958678,0.9586776859504132,0.9586776859504132,0.9590163934426229,94,0.20000000000000004,0.15,0.25,0.36294253812636157,0.26788011695906433,0.4337301587301588,0.6370574618736384,0.5662698412698413,0.7321198830409357,94
7,0.2,0.8,6.0,16,0.25,1.875,False,100,94,94,0.0,1.0,1.0,0.00010793024151287635,0.00010577492533390479,0.00016358904001934966,0.00010794025639712605,0.00010578083595535242,0.0001635944952307066,0.999892059743603,0.9998364055047694,0.9998942191640446,94,2.3999999999999995,2.3999999999999995,2.3999999999999995,0.033057851239669415,0.032786885245901634,0.033057851239669415,0.9669421487603306,0.9669421487603306,0.9672131147540983,94,0.234375,0.1875,0.28125,0.41763128176171654,0.3525962217514124,0.4971864861211248,0.5823687182382834,0.5028135138788752,0.6474037782485876,94
8,0.2,1.0,4.5,1,4.0,18.0,True,100,90,90,1.0,1.0,0.0,0.9975245638698528,0.9967512741314175,0.9979825547077662,1.0,1.0,1.0,0.0,0.0,0.0,90,72.6,72.6,73.2,1.0,1.0,1.0,0.0,0.0,0.0,90,0.5619834710743802,0.5206611570247934,0.5950413223140496,1.0,1.0,1.0,0.0,0.0,0.0,90
8,0.2,1.0,4.5,2,2.0,9.0,True,100,90,90,0.0,1.0,1.0,0.006981116650992389,0.006080056883041068,0.00802175300562549,0.007010060159237233,0.006096523464558779,0.008040197722247795,0.9929899398407627,0.9919598022777523,0.9939034765354413,90,16.2,16.2,16.5,0.2231404958677686,0.22131147540983603,0.22540983606557377,0.7768595041322314,0.7745901639344263,0.778688524590164,90,0.18518518518518517,0.12814153439153442,0.22156084656084657,0.31690140845070436,0.21412496325690772,0.41657727193441485,0.6830985915492956,0.5834227280655853,0.7858750367430922,90
8,0.2,1.0,4.5,3,1.3333333333333333,6.0,True,100,90,90,0.0,1.0,1.0,0.006170899959481658,0.005696759525830199,0.007212413805451743,0.006187181179251846,0.005708780263068369,0.007224434497476092,0.9938128188207481,0.9927755655025239,0.9942912197369316,90,10.799999999999999,10.799999999999999,10.799999999999999,0.1487603305785124,0.14754098360655735,0.15,0.8512396694214877,0.85,0.8524590163934427,90,0.17397660818713448,0.13017429193899782,0.22222222222222218,0.30816318795712705,0.23826717467068342,0.4293025649181048,0.6918368120428731,0.5706974350818953,0.7617328253293165,90
8,0.2,1.0,4.5,4,1.0,4.5,True,100,90,90,0.0,1.0,1.0,0.005835234099009826,0.005507084582946037,0.0068986760428092105,0.005849274725090928,0.005525021859661665,0.00691212814829719,0.9941507252749091,0.9930878718517029,0.9944749781403384,90,8.25,8.1,8.4,0.11363636363636365,0.1115702479338843,0.11475409836065574,0.8863636363636364,0.8852459016393442,0.8884297520661157,90,0.19642857142857145,0.15006868131868134,0.22390109890109894,0.34143254935110157,0.26067076928555,0.4084013413057532,0.6585674506488985,0.5915986586942468,0.73932923071445,90
8,0.2,1.0,4.5,6,0.6666666666666666,3.0,False,100,90,90,0.0,1.0,1.0,0.005447576266754239,0.005250027169331646,0.006560801207329403,0.005463388319762626,0.0052675834224622485,0.006575133157498126,0.9945366116802374,0.9934248668425019,0.9947324165775377,90,5.3999999999999995,5.3999999999999995,5.3999999999999995,0.0743801652892562,0.07377049180327867,0.0743801652892562,0.9256198347107438,0.9256198347107438,0.9262295081967213,90,0.20370370370370372,0.16666666666666666,0.24074074074074076,0.3760683760683762,0.2945613518662109,0.44732434640522867,0.6239316239316238,0.5526756535947713,0.7054386481337891,90
8,0.2,1.0,4.5,8,0.5,2.25,False,100,90,90,0.0,1.0,1.0,0.005238508366682113,0.005109812183219101,0.006405335298572456,0.005254732307822505,0.005126157742518472,0.006417365305784601,0.9947452676921775,0.9935826346942154,0.9948738422574814,90,4.2,4.2,4.2,0.057851239669421496,0.05737704918032787,0.057851239669421496,0.9421487603305785,0.9421487603305785,0.9426229508196722,90,0.19642857142857142,0.14285714285714285,0.25,0.3457364128447078,0.24719178655068585,0.45055970149253743,0.6542635871552922,0.5494402985074627,0.7528082134493141,90
8,0.2,1.0,4.5,12,0.3333333333333333,1.5,False,100,90,90,0.0,1.0,1.0,0.005123019067165117,0.005022847883128509,0.0062691366096718345,0.00513878020975152,0.005038707043099388,0.006283139623110133,0.9948612197902484,0.9937168603768898,0.9949612929569006,90,3.0,3.0,3.0,0.04132231404958678,0.040983606557377046,0.04132231404958678,0.9586776859504132,0.9586776859504132,0.9590163934426229,90,0.20000000000000004,0.15,0.25000000000000006,0.36360780423280425,0.2670697884416925,0.4341526065325546,0.6363921957671957,0.5658473934674455,0.7329302115583075,90
8,0.2,1.0,4.5,16,0.25,1.125,False,100,90,90,0.0,1.0,1.0,0.005070443425627952,0.005009380814569851,0.00623056952232439,0.005080654482159238,0.005023499782678667,0.006245564163489401,0.9949193455178407,0.9937544358365106,0.9949765002173213,90,2.3999999999999995,2.3999999999999995,2.3999999999999995,0.033057851239669415,0.032786885245901634,0.033057851239669415,0.9669421487603306,0.9669421487603306,0.9672131147540983,90,0.2421875,0.1875,0.28125,0.41571659699838837,0.34467648237179493,0.4955440179697352,0.5842834030016116,0.5044559820302648,0.6553235176282051,90
9,0.2,1.0,6.0,1,4.0,24.0,True,100,91,91,1.0,1.0,0.0,0.9995795900832847,0.9993677191318585,0.9996903849236407,1.0,1.0,1.0,0.0,0.0,0.0,91,72.6,72.6,73.2,1.0,1.0,1.0,0.0,0.0,0.0,91,0.5655737704918031,0.51866391184573,0.6065573770491803,1.0,1.0,1.0,0.0,0.0,0.0,91
9,0.2,1.0,6.0,2,2.0,12.0,True,100,91,91,0.0,1.0,1.0,0.0009389516386930942,0.0008462682511406256,0.0011685845587149051,0.0009396103304537066,0.0008465956247692,0.0011689055002235553,0.9990603896695462,0.9988310944997765,0.9991534043752308,91,16.2,15.899999999999999,16.2,0.22131147540983603,0.2190082644628099,0.2231404958677686,0.778688524590164,0.7768595041322314,0.78099173553719,91,0.1851851851851852,0.12962962962962965,0.22471509971509973,0.3161802355350743,0.22356013152246035,0.41030139367385077,0.6838197644649258,0.5896986063261492,0.7764398684775397,91
9,0.2,1.0,6.0,3,1.3333333333333333,8.0,True,100,91,91,0.0,1.0,1.0,0.0008275124531960304,0.0007698415310722479,0.0010439896129917027,0.0008280878299767895,0.0007700781107189112,0.0010443429717462184,0.9991719121700232,0.9989556570282538,0.9992299218892811,91,10.799999999999999,10.799999999999999,10.799999999999999,0.1487603305785124,0.14754098360655735,0.1487603305785124,0.8512396694214877,0.8512396694214877,0.8524590163934427,91,0.16666666666666666,0.1296296296296296,0.22821350762527232,0.28480003112356045,0.22648576734883383,0.3864774731441397,0.7151999688764396,0.6135225268558602,0.7735142326511661,91
9,0.2,1.0,6.0,4,1.0,6.0,True,100,91,91,0.0,1.0,1.0,0.0007663779391328201,0.0007323446176704896,0.0009970768011998824,0.0007666143786939233,0.0007326286013502187,0.0009974016550309238,0.999233385621306,0.9990025983449691,0.9992673713986497,91,8.1,8.1,8.25,0.11270491803278689,0.11065573770491802,0.11363636363636365,0.8872950819672131,0.8863636363636364,0.889344262295082,91,0.1785714285714286,0.1392857142857143,0.2328296703296704,0.30723443223443225,0.244017564437085,0.4176590869679706,0.6927655677655677,0.5823409130320294,0.755982435562915,91
9,0.2,1.0,6.0,6,0.6666666666666666,4.0,False,100,91,91,0.0,1.0,1.0,0.0007136199914456161,0.0006868819213092954,0.0009469313460977633,0.0007139015209867884,0.0006873383050933746,0.0009472400740672209,0.9992860984790132,0.9990527599259328,0.9993126616949066,91,5.3999999999999995,5.3999999999999995,5.3999999999999995,0.0743801652892562,0.07377049180327867,0.0743801652892562,0.9256198347107438,0.9256198347107438,0.9262295081967213,91,0.2037037037037037,0.1527777777777778,0.25925925925925924,0.37345679012345673,0.2608503949083659,0.43549229162827835,0.6265432098765433,0.5645077083717216,0.7391496050916342,91
9,0.2,1.0,6.0,8,0.5,3.0,False,100,91,91,0.0,1.0,1.0,0.0006889313176033281,0.0006664185735838037,0.0009186396772312388,0.0006896330238313043,0.0006667639494301586,0.0009188314157790923,0.9993103669761687,0.9990811685842209,0.9993332360505698,91,4.2,4.2,4.2,0.057851239669421496,0.05737704918032787,0.057851239669421496,0.9421487603305785,0.9421487603305785,0.9426229508196722,91,0.21428571428571427,0.12500000000000003,0.25,0.34571428571428575,0.24595121628767846,0.483806486003164,0.6542857142857142,0.5161935139968361,0.7540487837123215,91
9,0.2,1.0,6.0,12,0.3333333333333333,2.0,False,100,91,91,0.0,1.0,1.0,0.0006663310564004186,0.0006495595949922394,0.0009014943879562364,0.0006668197433101574,0.0006499983196631683,0.0009017922392157374,0.9993331802566898,0.9990982077607842,0.9993500016803368,91,3.0,3.0,3.0,0.04132231404958678,0.040983606557377046,0.04132231404958678,0.9586776859504132,0.9586776859504132,0.9590163934426229,91,0.21666666666666665,0.16666666666666666,0.25000000000000006,0.37812500000000004,0.2833170254403131,0.45148635477582844,0.621875,0.5485136452241715,0.7166829745596869,91
9,0.2,1.0,6.0,16,0.25,1.5,False,100,91,91,0.0,1.0,1.0,0.0006512010804554092,0.0006434711495709098,0.000891855764919522,0.0006514901076675858,0.0006437494307290699,0.0008923817339177046,0.9993485098923324,0.9991076182660823,0.9993562505692709,91,2.3999999999999995,2.3999999999999995,2.3999999999999995,0.033057851239669415,0.032786885245901634,0.033057851239669415,0.9669421487603306,0.9669421487603306,0.9672131147540983,91,0.234375,0.1875,0.28125,0.4143835616438356,0.35009488866396754,0.5047364982578397,0.5856164383561644,0.4952635017421602,0.6499051113360325,91
10,0.2,1.2,4.5,1,4.0,15.0,True,100,85,85,1.0,1.0,0.0,0.9933761216038866,0.9922081309523413,0.9943481343145927,1.0,1.0,1.0,0.0,0.0,0.0,85,72.6,72.0,72.6,1.0,1.0,1.0,0.0,0.0,0.0,85,0.5666666666666665,0.5249999999999999,0.6115702479338843,1.0,1.0,1.0,0.0,0.0,0.0,85
10,0.2,1.2,4.5,2,2.0,7.5,True,100,85,85,0.0,1.0,1.0,0.017370526719104613,0.01623062337787496,0.01865680738362711,0.017512009229177363,0.01636178342737012,0.018782201900564403,0.9824879907708226,0.9812177980994355,0.9836382165726298,85,16.5,16.2,16.5,0.2272727272727273,0.2231404958677686,0.22916666666666666,0.7727272727272727,0.7708333333333334,0.7768595041322314,85,0.1832010582010582,0.1283068783068783,0.22222222222222227,0.328641975308642,0.2347282347282347,0.40457818930041156,0.671358024691358,0.5954218106995884,0.7652717652717653,85
10,0.2,1.2,4.5,3,1.3333333333333333,5.0,True,100,85,85,0.0,1.0,1.0,0.016057366662471474,0.015087572697006515,0.01690718954772547,0.016156842967240823,0.015191258931995971,0.017012762394922006,0.9838431570327592,0.982987237605078,0.984808741068004,85,11.0,10.799999999999999,11.0,0.15027322404371585,0.1487603305785124,0.15151515151515152,0.8497267759562841,0.8484848484848485,0.8512396694214877,85,0.18518518518518515,0.14814814814814814,0.23001949317738793,0.3281269277271942,0.27252252252252246,0.40363232023721257,0.6718730722728058,0.5963676797627875,0.7274774774774775,85
10,0.2,1.2,4.5,4,1.0,3.75,False,100,85,85,0.0,1.0,1.0,0.015532974387327488,0.014859904076122544,0.015933767734429234,0.01562937590834158,0.014967909726516918,0.01604944841631522,0.9843706240916584,0.9839505515836848,0.985032090273483,85,8.4,8.25,8.4,0.11570247933884299,0.11363636363636365,0.11666666666666667,0.884297520661157,0.8833333333333333,0.8863636363636364,85,0.19642857142857145,0.14285714285714288,0.21703296703296704,0.3268765133171914,0.24693877551020407,0.39488916256157625,0.6731234866828086,0.6051108374384238,0.753061224489796,85
10,0.2,1.2,4.5,6,0.6666666666666666,2.5,False,100,85,85,0.0,1.0,1.0,0.014874672253705793,0.014455855503545154,0.01523429562432526,0.0149707422952563,0.014541833894792005,0.015365357309357952,0.9850292577047437,0.984634642690642,0.985458166105208,85,5.5,5.3999999999999995,5.599999999999999,0.07575757575757576,0.075,0.0771349862258953,0.9242424242424242,0.9228650137741047,0.925,85,0.2037037037037037,0.15555555555555556,0.2518518518518518,0.36666666666666686,0.25979602791197,0.4444444444444444,0.6333333333333331,0.5555555555555556,0.74020397208803,85
10,0.2,1.2,4.5,8,0.5,1.875,False,100,85,85,0.0,1.0,1.0,0.014585722207799788,0.014075337989713273,0.014794567978378371,0.014691610938299212,0.014183124297605019,0.014887546942286603,0.9853083890617008,0.9851124530577134,0.985816875702395,85,4.2,4.2,4.2,0.057851239669421496,0.057851239669421496,0.058333333333333334,0.9421487603305785,0.9416666666666667,0.9421487603305785,85,0.1785714285714286,0.14285714285714285,0.23214285714285712,0.31531954887218044,0.2637362637362637,0.384784735812133,0.6846804511278195,0.615215264187867,0.7362637362637363,85
10,0.2,1.2,4.5,12,0.3333333333333333,1.25,False,100,85,85,0.0,1.0,1.0,0.014349793811815515,0.014029763831092846,0.014470878836582967,0.014449367886890213,0.01413096697105764,0.014563677981663517,0.9855506321131098,0.9854363220183365,0.9858690330289424,85,3.0,3.0,3.0,0.04132231404958678,0.04132231404958678,0.041666666666666664,0.9586776859504132,0.9583333333333334,0.9586776859504132,85,0.20000000000000004,0.16666666666666666,0.25,0.360655737704918,0.2781609195402298,0.42154471544715455,0.639344262295082,0.5784552845528455,0.7218390804597702,85
10,0.2,1.2,4.5,16,0.25,0.9375,False,100,85,85,0.0,1.0,1.0,0.014277089663033076,0.013987521601360077,0.014381193298911835,0.014367022388155168,0.014129903412187781,0.014472203381788503,0.9856329776118449,0.9855277966182115,0.9858700965878122,85,2.3999999999999995,2.3999999999999995,2.3999999999999995,0.033057851239669415,0.033057851239669415,0.033333333333333326,0.9669421487603306,0.9666666666666667,0.9669421487603306,85,0.25,0.1875,0.28125,0.4431152343749999,0.3288043478260869,0.5268954918032785,0.5568847656250001,0.47310450819672145,0.6711956521739131,85
11,0.2,1.2,6.0,1,4.0,20.0,True,100,90,90,1.0,1.0,0.0,0.9987204916573167,0.9982554359959486,0.9990128410383667,1.0,1.0,1.0,0.0,0.0,0.0,90,72.6,72.6,73.2,1.0,1.0,1.0,0.0,0.0,0.0,90,0.5661157024793388,0.5227272727272727,0.605744479067877,1.0,1.0,1.0,0.0,0.0,0.0,90
11,0.2,1.2,6.0,2,2.0,10.0,True,100,90,90,0.0,0.9888888888888889,1.0,0.0036594051289784175,0.0034473455606447738,0.004446363174715354,0.003667287229761644,0.0034528773567045878,0.004451137585445347,0.9963327127702384,0.9955488624145546,0.9965471226432954,90,16.2,15.899999999999999,16.425,0.2231404958677686,0.2190082644628099,0.22530737704918033,0.7768595041322314,0.7746926229508196,0.78099173553719,90,0.18518518518518523,0.13589997964997966,0.23845136345136347,0.33320297107061814,0.24082966416299753,0.39812929445282397,0.6667970289293819,0.601870705547176,0.7591703358370024,90
11,0.2,1.2,6.0,3,1.3333333333333333,6.666666666666667,True,100,90,90,0.0,1.0,1.0,0.003317302493640056,0.0031468806417795565,0.00401821444845397,0.003322708771599422,0.0031518940363105576,0.004023317380533697,0.9966772912284005,0.9959766826194663,0.9968481059636894,90,10.799999999999999,10.799999999999999,10.799999999999999,0.1487603305785124,0.14754098360655735,0.14905149051490515,0.8512396694214877,0.8509485094850948,0.8524590163934427,90,0.16666666666666666,0.12962962962962962,0.2037037037037037,0.2969197913083361,0.23598843276191828,0.37250024991253056,0.7030802086916639,0.6274997500874695,0.7640115672380818,90
11,0.2,1.2,6.0,4,1.0,5.0,True,100,90,90,0.0,1.0,1.0,0.003165616356358922,0.00301373249373842,0.003797326350918962,0.003170912083050567,0.0030179187030529545,0.0038007080901215303,0.9968290879169495,0.9961992919098784,0.996982081296947,90,8.25,8.1,8.25,0.11363636363636365,0.1115702479338843,0.11458333333333333,0.8863636363636364,0.8854166666666666,0.8884297520661157,90,0.19642857142857145,0.16071428571428575,0.23214285714285715,0.34877463806035236,0.2853041463977142,0.4095077998924154,0.6512253619396476,0.5904922001075845,0.7146958536022859,90
11,0.2,1.2,6.0,6,0.6666666666666666,3.3333333333333335,False,100,90,90,0.0,1.0,1.0,0.0029264694182271405,0.0028531020809546316,0.0036832784300638243,0.00293099046383913,0.0028558867029535176,0.0036891330138241036,0.9970690095361608,0.996310866986176,0.9971441132970464,90,5.3999999999999995,5.3999999999999995,5.3999999999999995,0.0743801652892562,0.07377049180327867,0.0743801652892562,0.9256198347107438,0.9256198347107438,0.9262295081967213,90,0.2037037037037037,0.16388888888888886,0.24074074074074076,0.35211640211640216,0.2713833110218653,0.4392482034273079,0.6478835978835978,0.560751796572692,0.7286166889781347,90
11,0.2,1.2,6.0,8,0.5,2.5,False,100,90,90,0.0,1.0,1.0,0.0028454800725642884,0.0027997071537346663,0.0035438629332035596,0.0028499499172049587,0.0028025587978792476,0.0035486801613357857,0.997150050082795,0.9964513198386642,0.9971974412021207,90,4.2,4.2,4.2,0.057851239669421496,0.05737704918032787,0.057851239669421496,0.9421487603305785,0.9421487603305785,0.9426229508196722,90,0.21428571428571427,0.12500000000000003,0.26339285714285715,0.34995670565523507,0.2450892857142857,0.48246635610766037,0.6500432943447649,0.5175336438923397,0.7549107142857143,90
11,0.2,1.2,6.0,12,0.3333333333333333,1.6666666666666667,False,100,90,90,0.0,1.0,1.0,0.002772552337973986,0.002731288079124935,0.0034932311012444146,0.0027762964660239674,0.0027347237339895372,0.0034964121267424845,0.997223703533976,0.9965035878732574,0.9972652762660105,90,3.0,3.0,3.0,0.04132231404958678,0.040983606557377046,0.04132231404958678,0.9586776859504132,0.9586776859504132,0.9590163934426229,90,0.20000000000000004,0.15416666666666667,0.25000000000000006,0.37370258272800644,0.27239726027397265,0.4321428571428571,0.6262974172719935,0.5678571428571428,0.7276027397260274,90
11,0.2,1.2,6.0,16,0.25,1.25,False,100,90,90,0.0,1.0,1.0,0.0027346889534816837,0.0027081139104497016,0.0034784121035989243,0.0027388904418152865,0.0027120688257442132,0.0034839275776166094,0.9972611095581847,0.9965160724223834,0.9972879311742557,90,2.3999999999999995,2.3999999999999995,2.3999999999999995,0.033057851239669415,0.032786885245901634,0.033057851239669415,0.9669421487603306,0.9669421487603306,0.9672131147540983,90,0.234375,0.1875,0.265625,0.4178082191780822,0.3386407358887604,0.48534970238095243,0.5821917808219179,0.5146502976190477,0.6613592641112395,90
